{
  "products": [
    {
    "name": "Water",
    "qty": 240,
    "price": 0.25,
      "vat": 8
    },
    {
      "name": "Chips",
      "qty": 38,
      "price": 2.40,
      "vat": 8
    },
    {
      "name": "TV",
      "qty": 1,
      "price": 760,
      "vat": 22
    },
    {
      "name": "Cola",
      "qty": 77,
      "price": 0.50,
      "vat": 18,
      "discount": 0.10
    },
    {
      "name": "Chocolate",
      "qty": 38,
      "price": 1.25,
      "vat": 22
    },
    {
      "name": "Hand Soap",
      "qty": 92,
      "price": 3.78,
      "vat": 8
    },
    {
      "name": "Fish Meat",
      "qty": 92,
      "price": 3.78,
      "vat": 8
    },
    {
      "name": "Humus",
      "qty": 16,
      "price": 2.66,
      "vat": 18
    },
    {
      "name": "White wine",
      "qty": 18,
      "price": 9.20,
      "vat": 18,
      "discount": 0.02
    },
    {
      "name": "Bananas",
      "qty":8,
      "price": 1.25,
      "vat": 22
    },
    {
      "name": "Wine",
      "qty":22,
      "price": 9.78,
      "vat": 22
    },
    {
      "name": "Oil",
      "qty": 10,
      "price": 8.30,
      "vat": 18
    },
    {
      "name": "Cigarettes",
      "qty": 89,
      "price": 5.46,
      "vat": 22
    },
    {
      "name": "Cookies",
      "qty": 33,
      "price": 1.34,
      "vat": 8
    },
    {
      "name": "Yougurt",
      "qty": 14,
      "price": 0.66,
      "vat": 18
    },
    {
      "name": "Bleach",
      "qty": 11,
      "price": 1.23,
      "vat": 22
    },
    {
      "name": "Napkins",
      "qty": 85,
      "price": 0.21,
      "vat": 8
    },
    {
      "name": "Eggs",
      "qty": 104,
      "price": 0.16,
      "vat": 18
    },
    {
      "name": "Plastic Bags",
      "qty": 398,
      "price": 0.05,
      "vat": 18
    },
    {
      "name": "Aluminum Foils",
      "qty": 21,
      "price": 1.12,
      "vat": 8
    },
    {
      "name": "Razors",
      "qty": 51,
      "price": 8.10,
      "vat":8
    },
    {
      "name": "Lotions",
      "qty": 205,
      "price": 12,
      "vat": 22
    }
  ]
}